{
    "link": [
        [
            {
                "avg_utilization": 0.008414488888888887,
                "avg_packet_size": 10000,
                "avg_packets_lost": 0,
                "src": 1,
                "dst": -1,
                "port": "Gi0/1/7",
                "host": "Gi0/1/7"
            },
            {
                "avg_utilization": 0.00028002560000000003,
                "avg_packet_size": 10000,
                "avg_packets_lost": 0,
                "src": 7,
                "dst": -1,
                "port": "Gi0/2",
                "host": "Gi0/2"
            },
            {
                "avg_utilization": 0.00025715946666666665,
                "avg_packet_size": 10000,
                "avg_packets_lost": 0,
                "src": 2,
                "dst": -1,
                "port": "Gi1/0/5",
                "host": "Gi1/0/5"
            },
            {
                "avg_utilization": 0.0002281824,
                "avg_packet_size": 10000,
                "avg_packets_lost": 0,
                "src": 6,
                "dst": -1,
                "port": "Gi0/1",
                "host": "Gi0/1"
            },
            {
                "avg_utilization": 0.00020842666666666667,
                "avg_packet_size": 10000,
                "avg_packets_lost": 0,
                "src": 3,
                "dst": -1,
                "port": "Gi1/0/5",
                "host": "Gi1/0/5"
            },
            {
                "avg_utilization": 0.00020476959999999998,
                "avg_packet_size": 10000,
                "avg_packets_lost": 0,
                "src": 4,
                "dst": -1,
                "port": "Gi0/1/7",
                "host": "Gi0/1/7"
            },
            {
                "avg_utilization": 0.0001466442666666667,
                "avg_packet_size": 10000,
                "avg_packets_lost": 0,
                "src": 5,
                "dst": -1,
                "port": "Gi0/2",
                "host": "Gi0/2"
            },
            {
                "avg_utilization": 0.00011489493333333334,
                "avg_packet_size": 10000,
                "avg_packets_lost": 0,
                "src": 2,
                "dst": 1,
                "port": "Gi1/0/3",
                "host": "Gi1/0/3"
            },
            {
                "avg_utilization": 9.63232e-05,
                "avg_packet_size": 10000,
                "avg_packets_lost": 0,
                "src": 4,
                "dst": 7,
                "port": "Gi0/1/1",
                "host": "Gi0/1/1"
            },
            {
                "avg_utilization": 9.512106666666667e-05,
                "avg_packet_size": 10000,
                "avg_packets_lost": 0,
                "src": 4,
                "dst": 3,
                "port": "Gi0/1/4",
                "host": "Gi0/1/4"
            },
            {
                "avg_utilization": 9.15008e-05,
                "avg_packet_size": 10000,
                "avg_packets_lost": 0,
                "src": 2,
                "dst": 3,
                "port": "Gi1/0/2",
                "host": "Gi1/0/2"
            },
            {
                "avg_utilization": 9.129066666666667e-05,
                "avg_packet_size": 10000,
                "avg_packets_lost": 0,
                "src": 3,
                "dst": 6,
                "port": "Gi1/0/6",
                "host": "Gi1/0/6"
            },
            {
                "avg_utilization": 8.414079999999999e-05,
                "avg_packet_size": 10000,
                "avg_packets_lost": 0,
                "src": 2,
                "dst": 4,
                "port": "Gi1/0/4",
                "host": "Gi1/0/4"
            },
            {
                "avg_utilization": 8.383413333333332e-05,
                "avg_packet_size": 10000,
                "avg_packets_lost": 0,
                "src": 3,
                "dst": 4,
                "port": "Gi1/0/3",
                "host": "Gi1/0/3"
            },
            {
                "avg_utilization": 8.285226666666665e-05,
                "avg_packet_size": 10000,
                "avg_packets_lost": 0,
                "src": 2,
                "dst": 6,
                "port": "Gi1/0/6",
                "host": "Gi1/0/6"
            },
            {
                "avg_utilization": 7.444373333333334e-05,
                "avg_packet_size": 10000,
                "avg_packets_lost": 0,
                "src": 3,
                "dst": 1,
                "port": "Gi1/0/4",
                "host": "Gi1/0/4"
            },
            {
                "avg_utilization": 7.387199999999997e-05,
                "avg_packet_size": 10000,
                "avg_packets_lost": 0,
                "src": 1,
                "dst": 2,
                "port": "Gi0/1/4",
                "host": "Gi0/1/4"
            },
            {
                "avg_utilization": 7.021653333333333e-05,
                "avg_packet_size": 10000,
                "avg_packets_lost": 0,
                "src": 6,
                "dst": 3,
                "port": "Gi0/3",
                "host": "Gi0/3"
            },
            {
                "avg_utilization": 6.0662400000000004e-05,
                "avg_packet_size": 10000,
                "avg_packets_lost": 0,
                "src": 3,
                "dst": 2,
                "port": "Gi1/0/2",
                "host": "Gi1/0/2"
            },
            {
                "avg_utilization": 5.412586666666666e-05,
                "avg_packet_size": 10000,
                "avg_packets_lost": 0,
                "src": 1,
                "dst": 3,
                "port": "Gi0/1/6",
                "host": "Gi0/1/6"
            },
            {
                "avg_utilization": 4.1153066666666664e-05,
                "avg_packet_size": 10000,
                "avg_packets_lost": 0,
                "src": 4,
                "dst": 2,
                "port": "Gi0/1/6",
                "host": "Gi0/1/6"
            },
            {
                "avg_utilization": 2.7606399999999997e-05,
                "avg_packet_size": 10000,
                "avg_packets_lost": 0,
                "src": 1,
                "dst": 5,
                "port": "Gi0/1/1",
                "host": "Gi0/1/1"
            },
            {
                "avg_utilization": 1.8669866666666665e-05,
                "avg_packet_size": 10000,
                "avg_packets_lost": 0,
                "src": 6,
                "dst": 2,
                "port": "Gi0/2",
                "host": "Gi0/2"
            },
            {
                "avg_utilization": 1.86336e-05,
                "avg_packet_size": 10000,
                "avg_packets_lost": 0,
                "src": 7,
                "dst": 4,
                "port": "Gi0/1",
                "host": "Gi0/1"
            },
            {
                "avg_utilization": 1.8173866666666666e-05,
                "avg_packet_size": 10000,
                "avg_packets_lost": 0,
                "src": 5,
                "dst": 1,
                "port": "Gi0/1",
                "host": "Gi0/1"
            }
        ]
    ]
}