{
    "global": {
        "avg_packets_per_second": 0,
        "avg_packets_lost_per_second": 0,
        "avg_packet_delay": 0
    },
    "flows": [
        {
            "avg_delay": 2.8,
            "total_packets_transmitted": -1,
            "total_packets_lost": -1,
            "delay_variance": 26405.738130551825,
            "avg_ln_delay": -1,
            "10_percentile_delay": -1,
            "20_percentile_delay": -1,
            "50_percentile_delay": -1,
            "80_percentile_delay": -1,
            "90_percentile_delay": -1,
            "sourceRouterName": "BPE_LAB_C1121x_0002",
            "src": 4,
            "dst": 3,
            "targetRouterName": "BPE_LAB_Cisco9200_0001.checkmulti"
        },
        {
            "avg_delay": 2.4,
            "total_packets_transmitted": -1,
            "total_packets_lost": -1,
            "delay_variance": 19578.15080277582,
            "avg_ln_delay": -1,
            "10_percentile_delay": -1,
            "20_percentile_delay": -1,
            "50_percentile_delay": -1,
            "80_percentile_delay": -1,
            "90_percentile_delay": -1,
            "sourceRouterName": "BPE_LAB_C1121x_0002",
            "src": 4,
            "dst": 2,
            "targetRouterName": "BPE_LAB_Cisco9200_0003"
        }
    ]
}